{"cameraMode":{"drawMode":0,"name":"Shaded","section":"Shading Mode"},"sceneLighting":false,"audioPlay":false,"sceneViewState":{"showFog":true,"showMaterialUpdate":false,"showSkybox":false,"showFlares":true,"showImageEffects":true,"showParticleSystems":true},"in2DMode":false,"pivot":{"x":8.387722969055176,"y":-1.4709726572036744,"z":-6.538093090057373},"rotation":{"x":0.15589900314807893,"y":0.18163976073265077,"z":-0.029443345963954927,"w":0.9706082940101624},"size":0.1800137609243393,"orthographic":false}