{"cameraMode":{"drawMode":0,"name":"Shaded","section":"Shading Mode"},"sceneLighting":true,"audioPlay":false,"sceneViewState":{"showFog":true,"showMaterialUpdate":false,"showSkybox":true,"showFlares":true,"showImageEffects":true,"showParticleSystems":true},"in2DMode":false,"pivot":{"x":706.1553344726563,"y":738.45849609375,"z":-25.142229080200197},"rotation":{"x":0.26084503531455996,"y":0.6682820320129395,"z":0.6413298845291138,"w":-0.2723070979118347},"size":67.40449523925781,"orthographic":false}