{"cameraMode":{"drawMode":0,"name":"Shaded","section":"Shading Mode"},"sceneLighting":true,"audioPlay":false,"sceneViewState":{"showFog":true,"showMaterialUpdate":false,"showSkybox":true,"showFlares":true,"showImageEffects":true,"showParticleSystems":true},"in2DMode":false,"pivot":{"x":-13.937042236328125,"y":0.28604936599731448,"z":27.6285400390625},"rotation":{"x":0.08956322818994522,"y":0.910117506980896,"z":-0.2728869915008545,"w":0.29868942499160769},"size":1.680013656616211,"orthographic":false}